,product_id,style_id,color_id,product_name,product_type,product_color,cotton,spandex,polyester,elastomultiester,lyocell,rayon,product_price,scraping_datetime
0,1024256006,1024256,006,slim_jeans,men_jeans_slim,dark_denim_blue,0.99,0.01,0.0,0.0,0,0, 24.99,2023-05-11 07:49:41
1,1024256001,1024256,001,slim_jeans,men_jeans_slim,black,0.99,0.01,0.0,0.0,0,0, 24.99,2023-05-11 07:49:41
2,1024256002,1024256,002,slim_jeans,men_jeans_slim,light_denim_blue,0.99,0.01,0.0,0.0,0,0, 7.99,2023-05-11 07:49:41
3,1024256003,1024256,003,slim_jeans,men_jeans_slim,light_denim_blue,0.99,0.01,0.0,0.0,0,0, 24.99,2023-05-11 07:49:41
4,1024256004,1024256,004,slim_jeans,men_jeans_slim,denim_blue,0.99,0.01,0.0,0.0,0,0, 24.99,2023-05-11 07:49:41
5,1024256005,1024256,005,slim_jeans,men_jeans_slim,dark_blue,0.99,0.01,0.0,0.0,0,0, 24.99,2023-05-11 07:49:41
6,1024256007,1024256,007,slim_jeans,men_jeans_slim,dark_gray,0.99,0.01,0.0,0.0,0,0, 19.99,2023-05-11 07:49:41
7,1024256008,1024256,008,slim_jeans,men_jeans_slim,white,0.99,0.01,0.0,0.0,0,0, 24.99,2023-05-11 07:49:41
96,0985159001,0985159,001,skinny_jeans,men_jeans_skinny,black,0.99,0.01,0.0,0.0,0,0, 24.99,2023-05-11 07:49:41
97,0985159002,0985159,002,skinny_jeans,men_jeans_skinny,denim_blue,0.99,0.01,0.0,0.0,0,0, 8.99,2023-05-11 07:49:41
98,0985159003,0985159,003,skinny_jeans,men_jeans_skinny,dark_gray,0.99,0.01,0.0,0.0,0,0, 11.99,2023-05-11 07:49:41
99,0985159004,0985159,004,skinny_jeans,men_jeans_skinny,light_denim_blue,0.99,0.01,0.0,0.0,0,0, 24.99,2023-05-11 07:49:41
100,0985159005,0985159,005,skinny_jeans,men_jeans_skinny,dark_blue,0.99,0.01,0.0,0.0,0,0, 24.99,2023-05-11 07:49:41
101,0985159006,0985159,006,skinny_jeans,men_jeans_skinny,dark_denim_blue,0.99,0.01,0.0,0.0,0,0, 9.99,2023-05-11 07:49:41
102,0985159007,0985159,007,skinny_jeans,men_jeans_skinny,denim_blue,0.99,0.01,0.0,0.0,0,0, 24.99,2023-05-11 07:49:41
103,0985159008,0985159,008,skinny_jeans,men_jeans_skinny,dark_gray,0.99,0.01,0.0,0.0,0,0, 24.99,2023-05-11 07:49:41
128,1008549006,1008549,006,straight_regular_jeans,men_jeans_regular,black,0.99,0.01,0.0,0.0,0,0, 24.99,2023-05-11 07:49:41
129,1008549001,1008549,001,straight_regular_jeans,men_jeans_regular,light_denim_blue,0.98,0.02,0.0,0.0,0,0, 24.99,2023-05-11 07:49:41
130,1008549002,1008549,002,straight_regular_jeans,men_jeans_regular,denim_blue,0.99,0.01,0.0,0.0,0,0, 24.99,2023-05-11 07:49:41
131,1008549003,1008549,003,straight_regular_jeans,men_jeans_regular,dark_gray,0.99,0.01,0.0,0.0,0,0, 24.99,2023-05-11 07:49:41
132,1008549004,1008549,004,straight_regular_jeans,men_jeans_regular,dark_blue,0.99,0.01,0.0,0.0,0,0, 24.99,2023-05-11 07:49:41
133,1008549005,1008549,005,straight_regular_jeans,men_jeans_regular,dark_denim_blue,0.99,0.01,0.0,0.0,0,0, 24.99,2023-05-11 07:49:41
134,1008549007,1008549,007,straight_regular_jeans,men_jeans_regular,light_gray,0.99,0.01,0.0,0.0,0,0, 11.99,2023-05-11 07:49:41
135,1008549008,1008549,008,straight_regular_jeans,men_jeans_regular,light_denim_blue,0.99,0.01,0.0,0.0,0,0, 10.99,2023-05-11 07:49:41
176,0979945003,0979945,003,loose_jeans,men_jeans_loose,black,1.0,0.0,0.0,0.0,0,0, 39.99,2023-05-11 07:49:41
177,0979945001,0979945,001,loose_jeans,men_jeans_loose,light_denim_blue,1.0,0.0,0.0,0.0,0,0, 39.99,2023-05-11 07:49:41
178,0979945002,0979945,002,loose_jeans,men_jeans_loose,denim_blue,1.0,0.0,0.0,0.0,0,0, 39.99,2023-05-11 07:49:41
179,0979945009,0979945,009,loose_jeans,men_jeans_loose,light_gray,1.0,0.0,0.0,0.0,0,0, 39.99,2023-05-11 07:49:41
180,0979945012,0979945,012,loose_jeans,men_jeans_loose,gray,1.0,0.0,0.0,0.0,0,0, 39.99,2023-05-11 07:49:41
181,0979945019,0979945,019,loose_jeans,men_jeans_loose,black/patterned,1.0,0.0,0.0,0.0,0,0, 39.99,2023-05-11 07:49:41
182,0979945022,0979945,022,loose_jeans,men_jeans_loose,light_purple,1.0,0.0,0.0,0.0,0,0, 39.99,2023-05-11 07:49:41
183,0979945023,0979945,023,loose_jeans,men_jeans_loose,olive_green,1.0,0.0,0.0,0.0,0,0, 39.99,2023-05-11 07:49:41
184,0979945024,0979945,024,loose_jeans,men_jeans_loose,pale_denim_blue,1.0,0.0,0.0,0.0,0,0, 39.99,2023-05-11 07:49:41
185,0979945025,0979945,025,loose_jeans,men_jeans_loose,purple,1.0,0.0,0.0,0.0,0,0, 39.99,2023-05-11 07:49:41
186,0979945028,0979945,028,loose_jeans,men_jeans_loose,pale_denim_blue,1.0,0.0,0.0,0.0,0,0, 39.99,2023-05-11 07:49:41
187,0979945029,0979945,029,loose_jeans,men_jeans_loose,denim_blue,1.0,0.0,0.0,0.0,0,0, 39.99,2023-05-11 07:49:41
188,0979945030,0979945,030,loose_jeans,men_jeans_loose,light_denim_gray,1.0,0.0,0.0,0.0,0,0, 39.99,2023-05-11 07:49:41
189,0979945031,0979945,031,loose_jeans,men_jeans_loose,white,1.0,0.0,0.0,0.0,0,0, 39.99,2023-05-11 07:49:41
190,0979945033,0979945,033,loose_jeans,men_jeans_loose,black,1.0,0.0,0.0,0.0,0,0, 39.99,2023-05-11 07:49:41
356,1158786001,1158786,001,loose_denim_joggers,men_trousers_joggers,light_denim_blue,1.0,0.0,0.0,0.0,0,0, 34.99,2023-05-11 07:49:41
357,1158786002,1158786,002,loose_denim_joggers,men_trousers_joggers,denim_blue,1.0,0.0,0.0,0.0,0,0, 34.99,2023-05-11 07:49:41
358,1158786003,1158786,003,loose_denim_joggers,men_trousers_joggers,light_denim_gray,1.0,0.0,0.0,0.0,0,0, 34.99,2023-05-11 07:49:41
365,0875105041,0875105,041,straight_relaxed_jeans,men_jeans_relaxed,denim_gray,1.0,0.0,0.0,0.0,0,0, 44.99,2023-05-11 07:49:41
366,0875105001,0875105,001,straight_relaxed_jeans,men_jeans_relaxed,denim_blue,1.0,0.0,0.0,0.0,0,0, 22.99,2023-05-11 07:49:41
367,0875105002,0875105,002,straight_relaxed_jeans,men_jeans_relaxed,black,1.0,0.0,0.0,0.0,0,0, 44.99,2023-05-11 07:49:41
368,0875105003,0875105,003,straight_relaxed_jeans,men_jeans_relaxed,light_denim_blue,1.0,0.0,0.0,0.0,0,0, 44.99,2023-05-11 07:49:41
369,0875105009,0875105,009,straight_relaxed_jeans,men_jeans_relaxed,dark_denim_blue,1.0,0.0,0.0,0.0,0,0, 44.99,2023-05-11 07:49:41
370,0875105011,0875105,011,straight_relaxed_jeans,men_jeans_relaxed,light_denim_blue,1.0,0.0,0.0,0.0,0,0, 22.99,2023-05-11 07:49:41
371,0875105015,0875105,015,straight_relaxed_jeans,men_jeans_relaxed,light_denim_blue,1.0,0.0,0.0,0.0,0,0, 22.99,2023-05-11 07:49:41
372,0875105016,0875105,016,straight_relaxed_jeans,men_jeans_relaxed,denim_blue,1.0,0.0,0.0,0.0,0,0, 29.99,2023-05-11 07:49:41
373,0875105017,0875105,017,straight_relaxed_jeans,men_jeans_relaxed,dark_denim_blue,1.0,0.0,0.0,0.0,0,0, 44.99,2023-05-11 07:49:41
374,0875105018,0875105,018,straight_relaxed_jeans,men_jeans_relaxed,pale_denim_blue,1.0,0.0,0.0,0.0,0,0, 44.99,2023-05-11 07:49:41
375,0875105023,0875105,023,straight_relaxed_jeans,men_jeans_relaxed,black,1.0,0.0,0.0,0.0,0,0, 15.99,2023-05-11 07:49:41
376,0875105024,0875105,024,straight_relaxed_jeans,men_jeans_relaxed,light_denim_blue,1.0,0.0,0.0,0.0,0,0, 44.99,2023-05-11 07:49:41
377,0875105026,0875105,026,straight_relaxed_jeans,men_jeans_relaxed,light_gray,1.0,0.0,0.0,0.0,0,0, 44.99,2023-05-11 07:49:41
378,0875105029,0875105,029,straight_relaxed_jeans,men_jeans_relaxed,black,1.0,0.0,0.0,0.0,0,0, 15.99,2023-05-11 07:49:41
379,0875105036,0875105,036,straight_relaxed_jeans,men_jeans_relaxed,light_denim_blue,1.0,0.0,0.0,0.0,0,0, 44.99,2023-05-11 07:49:41
380,0875105037,0875105,037,straight_relaxed_jeans,men_jeans_relaxed,black,1.0,0.0,0.0,0.0,0,0, 44.99,2023-05-11 07:49:41
381,0875105040,0875105,040,straight_relaxed_jeans,men_jeans_relaxed,denim_blue,1.0,0.0,0.0,0.0,0,0, 44.99,2023-05-11 07:49:41
382,0875105042,0875105,042,straight_relaxed_jeans,men_jeans_relaxed,dark_denim_blue,1.0,0.0,0.0,0.0,0,0, 44.99,2023-05-11 07:49:41
527,1130309001,1130309,001,baggy_jeans,men_jeans_loose,denim_black,1.0,0.0,0.0,0.0,0,0, 39.99,2023-05-11 07:49:41
528,1130309002,1130309,002,baggy_jeans,men_jeans_loose,light_denim_blue,1.0,0.0,0.0,0.0,0,0, 39.99,2023-05-11 07:49:41
529,1130309004,1130309,004,baggy_jeans,men_jeans_loose,dark_denim_gray,1.0,0.0,0.0,0.0,0,0, 39.99,2023-05-11 07:49:41
830,0690449036,0690449,036,skinny_jeans,men_jeans_ripped,black,0.98,0.02,0.0,0.0,0,0, 39.99,2023-05-11 07:49:41
831,0690449001,0690449,001,skinny_jeans,men_jeans_ripped,light_denim_blue/trashed,0.99,0.01,0.0,0.0,0,0, 13.99,2023-05-11 07:49:41
832,0690449002,0690449,002,skinny_jeans,men_jeans_ripped,denim_blue,0.98,0.02,0.0,0.0,0,0, 12.99,2023-05-11 07:49:41
833,0690449006,0690449,006,skinny_jeans,men_jeans_ripped,black/washed,0.98,0.02,0.0,0.0,0,0, 5.99,2023-05-11 07:49:41
834,0690449007,0690449,007,skinny_jeans,men_jeans_ripped,light_denim_blue,0.98,0.02,0.0,0.0,0,0, 12.99,2023-05-11 07:49:41
835,0690449009,0690449,009,skinny_jeans,men_jeans_ripped,black_washed_out,0.99,0.01,0.0,0.0,0,0, 17.99,2023-05-11 07:49:41
836,0690449011,0690449,011,skinny_jeans,men_jeans_ripped,white,0.99,0.01,0.0,0.0,0,0, 17.99,2023-05-11 07:49:41
837,0690449013,0690449,013,skinny_jeans,men_jeans_ripped,black/washed,0.98,0.02,0.0,0.0,0,0, 27.99,2023-05-11 07:49:41
838,0690449021,0690449,021,skinny_jeans,men_jeans_ripped,dark_denim_blue/trashed,0.98,0.02,0.0,0.0,0,0, 25.99,2023-05-11 07:49:41
839,0690449022,0690449,022,skinny_jeans,men_jeans_ripped,black/trashed,0.98,0.02,0.0,0.0,0,0, 39.99,2023-05-11 07:49:41
840,0690449024,0690449,024,skinny_jeans,men_jeans_ripped,dark_blue/trashed,0.98,0.02,0.0,0.0,0,0, 20.99,2023-05-11 07:49:41
841,0690449028,0690449,028,skinny_jeans,men_jeans_ripped,dark_blue/washed_out,0.98,0.02,0.0,0.0,0,0, 19.99,2023-05-11 07:49:41
842,0690449035,0690449,035,skinny_jeans,men_jeans_ripped,denim_blue/trashed,0.98,0.02,0.0,0.0,0,0, 21.99,2023-05-11 07:49:41
843,0690449040,0690449,040,skinny_jeans,men_jeans_ripped,denim_gray,0.98,0.02,0.0,0.0,0,0, 29.99,2023-05-11 07:49:41
844,0690449043,0690449,043,skinny_jeans,men_jeans_ripped,light_denim_blue/trashed,0.98,0.02,0.0,0.0,0,0, 39.99,2023-05-11 07:49:41
845,0690449046,0690449,046,skinny_jeans,men_jeans_ripped,light_denim_gray/trashed,0.98,0.02,0.0,0.0,0,0, 39.99,2023-05-11 07:49:41
846,0690449051,0690449,051,skinny_jeans,men_jeans_ripped,gray,0.98,0.02,0.0,0.0,0,0, 39.99,2023-05-11 07:49:41
847,0690449056,0690449,056,skinny_jeans,men_jeans_ripped,light_denim_blue,0.98,0.02,0.0,0.0,0,0, 39.99,2023-05-11 07:49:41
848,0690449059,0690449,059,skinny_jeans,men_jeans_ripped,denim_blue,0.98,0.02,0.0,0.0,0,0, 39.99,2023-05-11 07:49:41
849,0690449062,0690449,062,skinny_jeans,men_jeans_ripped,light_denim_blue,0.98,0.02,0.0,0.0,0,0, 39.99,2023-05-11 07:49:41
850,0690449064,0690449,064,skinny_jeans,men_jeans_ripped,black/patterned,0.98,0.02,0.0,0.0,0,0, 39.99,2023-05-11 07:49:41
851,0690449067,0690449,067,skinny_jeans,men_jeans_ripped,denim_blue,0.98,0.02,0.0,0.0,0,0, 39.99,2023-05-11 07:49:41
1028,1139723005,1139723,005,skinny_jeans,men_jeans_skinny,white,0.99,0.01,0.0,0.0,0,0, 39.99,2023-05-11 07:49:41
1029,1139723001,1139723,001,skinny_jeans,men_jeans_skinny,denim_purple,0.98,0.02,0.0,0.0,0,0, 39.99,2023-05-11 07:49:41
1030,1139723003,1139723,003,skinny_jeans,men_jeans_skinny,black/leopard_print,0.98,0.02,0.0,0.0,0,0, 39.99,2023-05-11 07:49:41
1249,1024711017,1024711,017,slim_jeans,men_jeans_slim,light_denim_blue,0.99,0.01,0.0,0.0,0,0, 34.99,2023-05-11 07:49:41
1250,1024711001,1024711,001,slim_jeans,men_jeans_slim,black,0.98,0.02,0.0,0.0,0,0, 34.99,2023-05-11 07:49:41
1251,1024711002,1024711,002,slim_jeans,men_jeans_slim,light_denim_blue,0.99,0.01,0.0,0.0,0,0, 34.99,2023-05-11 07:49:41
1252,1024711004,1024711,004,slim_jeans,men_jeans_slim,light_denim_blue,0.99,0.01,0.0,0.0,0,0, 8.99,2023-05-11 07:49:41
1253,1024711006,1024711,006,slim_jeans,men_jeans_slim,dark_denim_blue,0.99,0.01,0.0,0.0,0,0, 34.99,2023-05-11 07:49:41
1254,1024711008,1024711,008,slim_jeans,men_jeans_slim,dark_denim_gray,0.99,0.01,0.0,0.0,0,0, 34.99,2023-05-11 07:49:41
1255,1024711009,1024711,009,slim_jeans,men_jeans_slim,dark_blue,0.99,0.01,0.0,0.0,0,0, 34.99,2023-05-11 07:49:41
1256,1024711010,1024711,010,slim_jeans,men_jeans_slim,denim_blue,0.99,0.01,0.0,0.0,0,0, 34.99,2023-05-11 07:49:41
1257,1024711014,1024711,014,slim_jeans,men_jeans_slim,black,0.98,0.02,0.0,0.0,0,0, 34.99,2023-05-11 07:49:41
1258,1024711023,1024711,023,slim_jeans,men_jeans_slim,light_denim_blue,0.99,0.01,0.0,0.0,0,0, 34.99,2023-05-11 07:49:41
1527,0938875008,0938875,008,slim_tapered_jeans,men_jeans_slim,denim_blue,0.99,0.01,0.0,0.0,0,0, 39.99,2023-05-11 07:49:41
1528,0938875001,0938875,001,slim_tapered_jeans,men_jeans_slim,light_denim_blue,0.99,0.01,0.0,0.0,0,0, 29.99,2023-05-11 07:49:41
1529,0938875002,0938875,002,slim_tapered_jeans,men_jeans_slim,white,0.99,0.01,0.0,0.0,0,0, 22.99,2023-05-11 07:49:41
1530,0938875004,0938875,004,slim_tapered_jeans,men_jeans_slim,dark_gray,0.99,0.01,0.0,0.0,0,0, 18.99,2023-05-11 07:49:41
1531,0938875007,0938875,007,slim_tapered_jeans,men_jeans_slim,black,0.99,0.01,0.0,0.0,0,0, 39.99,2023-05-11 07:49:41
1532,0938875010,0938875,010,slim_tapered_jeans,men_jeans_slim,light_blue,0.99,0.01,0.0,0.0,0,0, 16.99,2023-05-11 07:49:41
1533,0938875012,0938875,012,slim_tapered_jeans,men_jeans_slim,denim_blue,0.99,0.01,0.0,0.0,0,0, 22.99,2023-05-11 07:49:41
1534,0938875013,0938875,013,slim_tapered_jeans,men_jeans_slim,pale_denim_blue,0.99,0.01,0.0,0.0,0,0, 21.99,2023-05-11 07:49:41
1535,0938875014,0938875,014,slim_tapered_jeans,men_jeans_slim,black,0.98,0.02,0.0,0.0,0,0, 29.99,2023-05-11 07:49:41
2021,1008110001,1008110,001,freefit®_slim_jeans,men_jeans_slim,dark_denim_blue,0.9,0.02,0.0,0.08,0,0, 49.99,2023-05-11 07:49:41
2022,1008110002,1008110,002,freefit®_slim_jeans,men_jeans_slim,black/no_fade_black,0.9,0.02,0.0,0.08,0,0, 49.99,2023-05-11 07:49:41
2023,1008110003,1008110,003,freefit®_slim_jeans,men_jeans_slim,light_denim_blue,0.89,0.02,0.0,0.09,0,0," 49.99

	            Member price
	             	 37.99",2023-05-11 07:49:41
2024,1008110005,1008110,005,freefit®_slim_jeans,men_jeans_slim,light_denim_blue,0.89,0.02,0.0,0.09,0,0, 29.99,2023-05-11 07:49:41
2025,1008110006,1008110,006,freefit®_slim_jeans,men_jeans_slim,denim_blue,0.89,0.02,0.0,0.09,0,0, 49.99,2023-05-11 07:49:41
2026,1008110013,1008110,013,freefit®_slim_jeans,men_jeans_slim,dark_gray,0.9,0.02,0.0,0.08,0,0, 49.99,2023-05-11 07:49:41
2027,1008110015,1008110,015,freefit®_slim_jeans,men_jeans_slim,light_denim_blue,0.9,0.02,0.0,0.08,0,0, 49.99,2023-05-11 07:49:41
2028,1008110019,1008110,019,freefit®_slim_jeans,men_jeans_slim,black,0.9,0.02,0.0,0.08,0,0, 49.99,2023-05-11 07:49:41
2507,1096385002,1096385,002,loose_jeans,men_jeans_loose,dark_denim_blue,1.0,0.0,0.0,0.0,0,0, 30.99,2023-05-11 07:49:41
2508,1096385001,1096385,001,loose_jeans,men_jeans_loose,black,1.0,0.0,0.0,0.0,0,0, 30.99,2023-05-11 07:49:41
2511,1153653004,1153653,004,relaxed_denim_joggers,men_trousers_joggers,vintage_gray,1.0,0.0,0.0,0.0,0,0, 34.99,2023-05-11 07:49:41
2512,1153653001,1153653,001,relaxed_denim_joggers,men_trousers_joggers,denim_blue,1.0,0.0,0.0,0.0,0,0, 34.99,2023-05-11 07:49:41
2513,1153653002,1153653,002,relaxed_denim_joggers,men_trousers_joggers,gray_denim,1.0,0.0,0.0,0.0,0,0, 34.99,2023-05-11 07:49:41
2514,1153653003,1153653,003,relaxed_denim_joggers,men_trousers_joggers,light_denim_blue,1.0,0.0,0.0,0.0,0,0, 34.99,2023-05-11 07:49:41
2923,1166422005,1166422,005,tapered_regular_crop_jeans,men_jeans_tapered,denim_blue,0.99,0.01,0.0,0.0,0,0, 34.99,2023-05-11 07:49:41
2924,1166422003,1166422,003,tapered_regular_crop_jeans,men_jeans_tapered,white,0.98,0.02,0.0,0.0,0,0, 34.99,2023-05-11 07:49:41
2925,1166422004,1166422,004,tapered_regular_crop_jeans,men_jeans_tapered,denim_gray,0.99,0.01,0.0,0.0,0,0, 34.99,2023-05-11 07:49:41
2988,0811993040,0811993,040,straight_regular_jeans,men_jeans_regular,black,0.98,0.02,0.0,0.0,0,0, 34.99,2023-05-11 07:49:41
2989,0811993001,0811993,001,straight_regular_jeans,men_jeans_regular,black/washed_out,0.98,0.02,0.0,0.0,0,0, 12.99,2023-05-11 07:49:41
2990,0811993002,0811993,002,straight_regular_jeans,men_jeans_regular,denim_blue,0.98,0.02,0.0,0.0,0,0, 34.99,2023-05-11 07:49:41
2991,0811993003,0811993,003,straight_regular_jeans,men_jeans_regular,dark_denim_blue,0.98,0.02,0.0,0.0,0,0, 16.99,2023-05-11 07:49:41
2992,0811993006,0811993,006,straight_regular_jeans,men_jeans_regular,graphite_gray,0.98,0.02,0.0,0.0,0,0, 14.99,2023-05-11 07:49:41
2993,0811993007,0811993,007,straight_regular_jeans,men_jeans_regular,light_denim_blue,0.98,0.02,0.0,0.0,0,0, 22.99,2023-05-11 07:49:41
2994,0811993021,0811993,021,straight_regular_jeans,men_jeans_regular,black,0.98,0.02,0.0,0.0,0,0, 20.99,2023-05-11 07:49:41
2995,0811993022,0811993,022,straight_regular_jeans,men_jeans_regular,cream,0.99,0.01,0.0,0.0,0,0, 16.99,2023-05-11 07:49:41
2996,0811993024,0811993,024,straight_regular_jeans,men_jeans_regular,denim_blue,0.99,0.01,0.0,0.0,0,0, 16.99,2023-05-11 07:49:41
2997,0811993025,0811993,025,straight_regular_jeans,men_jeans_regular,light_blue,0.99,0.01,0.0,0.0,0,0, 15.99,2023-05-11 07:49:41
2998,0811993028,0811993,028,straight_regular_jeans,men_jeans_regular,denim_blue,0.99,0.01,0.0,0.0,0,0, 19.99,2023-05-11 07:49:41
2999,0811993031,0811993,031,straight_regular_jeans,men_jeans_regular,dark_denim_blue,0.99,0.01,0.0,0.0,0,0, 22.99,2023-05-11 07:49:41
3000,0811993034,0811993,034,straight_regular_jeans,men_jeans_regular,pale_denim_blue,0.99,0.01,0.0,0.0,0,0, 34.99,2023-05-11 07:49:41
3001,0811993036,0811993,036,straight_regular_jeans,men_jeans_regular,blue,0.99,0.01,0.0,0.0,0,0, 34.99,2023-05-11 07:49:41
3002,0811993037,0811993,037,straight_regular_jeans,men_jeans_regular,dark_blue,0.99,0.01,0.0,0.0,0,0, 29.99,2023-05-11 07:49:41
3003,0811993039,0811993,039,straight_regular_jeans,men_jeans_regular,dark_denim_blue,0.98,0.02,0.0,0.0,0,0, 16.99,2023-05-11 07:49:41
3004,0811993044,0811993,044,straight_regular_jeans,men_jeans_regular,dark_denim_blue,0.99,0.01,0.0,0.0,0,0, 34.99,2023-05-11 07:49:41
3005,0811993048,0811993,048,straight_regular_jeans,men_jeans_regular,dark_blue,0.98,0.02,0.0,0.0,0,0, 34.99,2023-05-11 07:49:41
3006,0811993050,0811993,050,straight_regular_jeans,men_jeans_regular,pale_denim_gray,0.99,0.01,0.0,0.0,0,0, 34.99,2023-05-11 07:49:41
3007,0811993053,0811993,053,straight_regular_jeans,men_jeans_regular,dark_denim_gray,0.98,0.02,0.0,0.0,0,0, 34.99,2023-05-11 07:49:41
3008,0811993057,0811993,057,straight_regular_jeans,men_jeans_regular,pale_denim_blue,0.99,0.01,0.0,0.0,0,0, 34.99,2023-05-11 07:49:41
3177,1153662001,1153662,001,hybrid_regular_tapered_joggers,men_trousers_joggers,black,0.79,0.01,0.2,0.0,0,0, 44.99,2023-05-11 07:49:41
3178,1153662002,1153662,002,hybrid_regular_tapered_joggers,men_trousers_joggers,black,0.79,0.01,0.2,0.0,0,0, 44.99,2023-05-11 07:49:41
3179,1153662003,1153662,003,hybrid_regular_tapered_joggers,men_trousers_joggers,white,0.78,0.02,0.2,0.0,0,0, 44.99,2023-05-11 07:49:41
3180,1153662004,1153662,004,hybrid_regular_tapered_joggers,men_trousers_joggers,light_denim_blue,0.77,0.02,0.21,0.0,0,0, 44.99,2023-05-11 07:49:41
3193,1153385002,1153385,002,2-pack_slim_jeans,men_jeans_slim,dark_denim_blue/black,0.99,0.01,0.0,0.0,0,0, 49.99,2023-05-11 07:49:41
3194,1153385001,1153385,001,2-pack_slim_jeans,men_jeans_slim,denim_blue/black,0.99,0.01,0.0,0.0,0,0, 49.99,2023-05-11 07:49:41
3197,1100162004,1100162,004,essentials_no_2:_the_jeans,men_jeans_regular,white,0.99,0.01,0.0,0.0,0,0, 39.99,2023-05-11 07:49:41
3198,1100162002,1100162,002,essentials_no_2:_the_jeans,men_jeans_regular,denim_blue,0.99,0.01,0.0,0.0,0,0, 39.99,2023-05-11 07:49:41
3199,1100162003,1100162,003,essentials_no_2:_the_jeans,men_jeans_regular,denim_gray,0.99,0.01,0.0,0.0,0,0, 39.99,2023-05-11 07:49:41
3200,1100162005,1100162,005,essentials_no_2:_the_jeans,men_jeans_regular,denim_blue,0.99,0.01,0.0,0.0,0,0, 39.99,2023-05-11 07:49:41
3907,1004199002,1004199,002,skinny_crop_jeans,men_jeans_skinny,black,0.99,0.01,0.0,0.0,0,0, 29.99,2023-05-11 07:49:41
3908,1004199001,1004199,001,skinny_crop_jeans,men_jeans_skinny,light_denim_blue,0.99,0.01,0.0,0.0,0,0, 17.99,2023-05-11 07:49:41
3909,1004199003,1004199,003,skinny_crop_jeans,men_jeans_skinny,denim_blue,0.99,0.01,0.0,0.0,0,0, 10.99,2023-05-11 07:49:41
3910,1004199004,1004199,004,skinny_crop_jeans,men_jeans_skinny,white,0.99,0.01,0.0,0.0,0,0, 29.99,2023-05-11 07:49:41
3911,1004199005,1004199,005,skinny_crop_jeans,men_jeans_skinny,light_gray,0.99,0.01,0.0,0.0,0,0, 29.99,2023-05-11 07:49:41
3912,1004199007,1004199,007,skinny_crop_jeans,men_jeans_skinny,denim_blue,0.98,0.02,0.0,0.0,0,0, 29.99,2023-05-11 07:49:41
5151,1138619003,1138619,003,straight_regular_jeans,men_jeans_straight,light_denim_blue,0.99,0.01,0.0,0.0,0,0, 44.99,2023-05-11 07:49:41
5152,1138619001,1138619,001,straight_regular_jeans,men_jeans_straight,black,0.99,0.01,0.0,0.0,0,0, 44.99,2023-05-11 07:49:41
5153,1138619002,1138619,002,straight_regular_jeans,men_jeans_straight,denim_blue,0.99,0.01,0.0,0.0,0,0, 44.99,2023-05-11 07:49:41
5625,1142955003,1142955,003,tapered_regular_crop_jeans,men_jeans_straight,black,0.98,0.02,0.0,0.0,0,0, 34.99,2023-05-11 07:49:41
5626,1142955001,1142955,001,tapered_regular_crop_jeans,men_jeans_straight,light_denim_blue,0.99,0.01,0.0,0.0,0,0, 34.99,2023-05-11 07:49:41
5627,1142955002,1142955,002,tapered_regular_crop_jeans,men_jeans_straight,denim_blue,0.99,0.01,0.0,0.0,0,0, 34.99,2023-05-11 07:49:41
5714,1114023003,1114023,003,loose_jeans,men_jeans_loose,cream,1.0,0.0,0.0,0.0,0,0, 44.99,2023-05-11 07:49:41
5715,1114023001,1114023,001,loose_jeans,men_jeans_loose,denim_blue,1.0,0.0,0.0,0.0,0,0, 44.99,2023-05-11 07:49:41
6523,1107750001,1107750,001,relaxed_worker_jeans,men_jeans_relaxed,denim_blue,1.0,0.0,0.0,0.0,0,0, 44.99,2023-05-11 07:49:41
6524,1107750002,1107750,002,relaxed_worker_jeans,men_jeans_relaxed,dark_denim_blue,1.0,0.0,0.0,0.0,0,0, 44.99,2023-05-11 07:49:41
7411,1119482003,1119482,003,loose_worker_jeans,men_jeans_loose,cream,1.0,0.0,0.0,0.0,0,0, 44.99,2023-05-11 07:49:41
7412,1119482005,1119482,005,loose_worker_jeans,men_jeans_loose,dark_denim_blue,1.0,0.0,0.0,0.0,0,0, 44.99,2023-05-11 07:49:41
7413,1119482006,1119482,006,loose_worker_jeans,men_jeans_loose,denim_green,1.0,0.0,0.0,0.0,0,0, 44.99,2023-05-11 07:49:41
7795,1013317002,1013317,002,hybrid_tapered_regular_joggers,men_jeans_joggers,denim_blue,0.78,0.01,0.21,0.0,0,0," 39.99

	            Member price
	             	 29.99",2023-05-11 07:49:41
7796,1013317001,1013317,001,hybrid_tapered_regular_joggers,men_jeans_joggers,light_denim_blue,0.77,0.02,0.21,0.0,0,0, 39.99,2023-05-11 07:49:41
7797,1013317003,1013317,003,hybrid_tapered_regular_joggers,men_jeans_joggers,dark_denim_blue,0.77,0.02,0.21,0.0,0,0, 39.99,2023-05-11 07:49:41
7798,1013317004,1013317,004,hybrid_tapered_regular_joggers,men_jeans_joggers,black,0.78,0.01,0.21,0.0,0,0, 16.99,2023-05-11 07:49:41
7799,1013317005,1013317,005,hybrid_tapered_regular_joggers,men_jeans_joggers,dark_gray,0.79,0.02,0.19,0.0,0,0, 39.99,2023-05-11 07:49:41
7800,1013317006,1013317,006,hybrid_tapered_regular_joggers,men_jeans_joggers,black,0.79,0.01,0.2,0.0,0,0, 39.99,2023-05-11 07:49:41
7801,1013317008,1013317,008,hybrid_tapered_regular_joggers,men_jeans_joggers,dark_blue,0.77,0.02,0.21,0.0,0,0, 12.99,2023-05-11 07:49:41
7802,1013317010,1013317,010,hybrid_tapered_regular_joggers,men_jeans_joggers,black,0.8,0.01,0.19,0.0,0,0, 22.99,2023-05-11 07:49:41
7803,1013317012,1013317,012,hybrid_tapered_regular_joggers,men_jeans_joggers,light_denim_blue,0.78,0.01,0.21,0.0,0,0, 39.99,2023-05-11 07:49:41
7955,1071707003,1071707,003,straight_relaxed_jeans,men_jeans_relaxed,dark_denim_blue,1.0,0.0,0.0,0.0,0,0, 29.99,2023-05-11 07:49:41
7956,1071707001,1071707,001,straight_relaxed_jeans,men_jeans_relaxed,black,1.0,0.0,0.0,0.0,0,0, 14.99,2023-05-11 07:49:41
7957,1071707002,1071707,002,straight_relaxed_jeans,men_jeans_relaxed,light_denim_blue,1.0,0.0,0.0,0.0,0,0, 11.99,2023-05-11 07:49:41
7958,1071707008,1071707,008,straight_relaxed_jeans,men_jeans_relaxed,denim_blue,1.0,0.0,0.0,0.0,0,0, 18.99,2023-05-11 07:49:41
7959,1071707010,1071707,010,straight_relaxed_jeans,men_jeans_relaxed,denim_gray,1.0,0.0,0.0,0.0,0,0, 14.99,2023-05-11 07:49:41
7960,1071707016,1071707,016,straight_relaxed_jeans,men_jeans_relaxed,dark_denim_blue,1.0,0.0,0.0,0.0,0,0, 29.99,2023-05-11 07:49:41
8330,1132148001,1132148,001,flared_slim_jeans,men_jeans_slim,dark_denim_blue,0.99,0.01,0.0,0.0,0,0, 44.99,2023-05-11 07:49:41
8331,1132148002,1132148,002,flared_slim_jeans,men_jeans_slim,black,0.98,0.02,0.0,0.0,0,0, 44.99,2023-05-11 07:49:41
8332,0993887001,0993887,001,hybrid_regular_jeans,men_jeans_regular,denim_blue,0.77,0.02,0.21,0.0,0,0, 39.99,2023-05-11 07:49:41
8333,0993887002,0993887,002,hybrid_regular_jeans,men_jeans_regular,denim_blue,0.77,0.02,0.21,0.0,0,0, 29.99,2023-05-11 07:49:41
8334,0993887004,0993887,004,hybrid_regular_jeans,men_jeans_regular,black,0.79,0.01,0.2,0.0,0,0, 22.99,2023-05-11 07:49:41
8335,0993887007,0993887,007,hybrid_regular_jeans,men_jeans_regular,black/no_fade_black,0.8,0.01,0.19,0.0,0,0, 21.99,2023-05-11 07:49:41
8336,0993887008,0993887,008,hybrid_regular_jeans,men_jeans_regular,dark_gray,0.78,0.01,0.21,0.0,0,0, 19.99,2023-05-11 07:49:41
8341,1121155003,1121155,003,bootcut_regular_jeans,men_jeans_regular,denim_blue,0.9,0.01,0.0,0.0,0,0, 44.99,2023-05-11 07:49:41
8342,1121155001,1121155,001,bootcut_regular_jeans,men_jeans_regular,black,0.9,0.01,0.0,0.0,0,0, 44.99,2023-05-11 07:49:41
8393,1121156002,1121156,002,relaxed_jeans,men_jeans_relaxed,beige,0.89,0.0,0.0,0.0,0,0, 44.99,2023-05-11 07:49:41
8394,1121156001,1121156,001,relaxed_jeans,men_jeans_relaxed,dark_denim_blue,0.89,0.0,0.0,0.0,0,0, 44.99,2023-05-11 07:49:41
8568,1130274005,1130274,005,loose_jeans,men_jeans_loose,denim_blue/checked,1.0,0.0,0.0,0.0,0,0, 39.99,2023-05-11 07:49:41
8985,1130139001,1130139,001,bootcut_loose_jeans,men_jeans_loose,black/gray_checked,1.0,0.0,0.0,0.0,0,0, 44.99,2023-05-11 07:49:41
8986,1130139002,1130139,002,bootcut_loose_jeans,men_jeans_loose,denim_blue,1.0,0.0,0.0,0.0,0,0, 44.99,2023-05-11 07:49:41
8987,1130139003,1130139,003,bootcut_loose_jeans,men_jeans_loose,light_denim_blue,1.0,0.0,0.0,0.0,0,0, 44.99,2023-05-11 07:49:41
8988,1130139004,1130139,004,bootcut_loose_jeans,men_jeans_loose,denim_black,1.0,0.0,0.0,0.0,0,0, 44.99,2023-05-11 07:49:41
